title,Show_type,Source,Subscription,content_type,Added_to_site,Updated_at_DB
"Adventures Of Ozzie & Harriet -""The Busy Christmas""",MO,Amazon,New Rental,Recently_Added,"Dec 13, 2019","Dec 14, 2019"
After She Wakes,MO,Amazon,Purchase,Recently_Added,"Dec 13, 2019","Dec 14, 2019"
Among Us,MO,Amazon,Purchase,Recently_Added,"Dec 13, 2019","Dec 14, 2019"
Another Mother's Son,MO,Amazon,Purchase,Recently_Added,"Dec 13, 2019","Dec 14, 2019"
Bala at Lipstick,MO,Amazon,New Rental,Recently_Added,"Dec 13, 2019","Dec 14, 2019"
Banatan,MO,Amazon,New Rental,Recently_Added,"Dec 13, 2019","Dec 14, 2019"
Belly Dance Warmup for Shoulders and Spine 1: Step-by-Step,MO,Amazon,Purchase,Recently_Added,"Dec 13, 2019","Dec 14, 2019"
Beneath The Cape: A Caped Crusader Documentary,MO,Amazon,New Prime,Recently_Added,"Dec 13, 2019","Dec 14, 2019"
Benji,MO,Amazon,New Rental,Recently_Added,"Dec 13, 2019","Dec 14, 2019"
Bumblebee,MO,Amazon,New Prime,Recently_Added,"Dec 13, 2019","Dec 14, 2019"
Chasing Portraits,MO,Amazon,Purchase,Recently_Added,"Dec 13, 2019","Dec 14, 2019"
Claw,MO,Amazon,New Rental,Recently_Added,"Dec 13, 2019","Dec 14, 2019"
Clip: Chain of life and health,MO,Amazon,New Rental,Recently_Added,"Dec 13, 2019","Dec 14, 2019"
Code 8,MO,Amazon,New Rental,Recently_Added,"Dec 13, 2019","Dec 14, 2019"
Colewell,MO,Amazon,Purchase,Recently_Added,"Dec 13, 2019","Dec 14, 2019"
Color Me White Vol. 1,MO,Amazon,New Rental,Recently_Added,"Dec 13, 2019","Dec 14, 2019"
Coming Down the Mountain,MO,Amazon,New Prime,Recently_Added,"Dec 13, 2019","Dec 14, 2019"
"Commando Cody In  ""Radar Men From The Moon"" - A Full 12 Chapter Rocketman Serial",MO,Amazon,New Rental,Recently_Added,"Dec 13, 2019","Dec 14, 2019"
Consumed - A Film about Bipolar Disorder,MO,Amazon,New Prime,Recently_Added,"Dec 13, 2019","Dec 14, 2019"
Crash Bandicoot N. Sane Trilogy,TVSeason,Amazon,New Prime,Recently_Added,"Dec 13, 2019","Dec 14, 2019"
Depraved,MO,Amazon,Purchase,Recently_Added,"Dec 13, 2019","Dec 14, 2019"
Discovering Al Pacino,MO,Amazon,New Prime,Recently_Added,"Dec 13, 2019","Dec 14, 2019"
Discovering Alain Delon,MO,Amazon,New Prime,Recently_Added,"Dec 13, 2019","Dec 14, 2019"
Discovering Bill Murray,MO,Amazon,New Prime,Recently_Added,"Dec 13, 2019","Dec 14, 2019"
Discovering Warren Beatty,MO,Amazon,New Prime,Recently_Added,"Dec 13, 2019","Dec 14, 2019"
Electronic Dance Music - A Top Export from Germany,MO,Amazon,New Prime,Recently_Added,"Dec 13, 2019","Dec 14, 2019"
First Love,MO,Amazon,Purchase,Recently_Added,"Dec 13, 2019","Dec 14, 2019"
Frozen Sasquatch,MO,Amazon,New Prime,Recently_Added,"Dec 13, 2019","Dec 14, 2019"
Got My Hustle Up,MO,Amazon,New Rental,Recently_Added,"Dec 13, 2019","Dec 14, 2019"
Hell on the Border,MO,Amazon,New Rental,Recently_Added,"Dec 13, 2019","Dec 14, 2019"
Hell on the Border (4K UHD),MO,Amazon,New Rental,Recently_Added,"Dec 13, 2019","Dec 14, 2019"
In Utero,MO,Amazon,New Rental,Recently_Added,"Dec 13, 2019","Dec 14, 2019"
KidCity,TVSeason,Amazon,New Prime,Recently_Added,"Dec 13, 2019","Dec 14, 2019"
La Reina,MO,Amazon,New Rental,Recently_Added,"Dec 13, 2019","Dec 14, 2019"
Let's Go Luna!: Volume 4,TVSeason,Amazon,Purchase,Recently_Added,"Dec 13, 2019","Dec 14, 2019"
Line of Descent,MO,Amazon,New Rental,Recently_Added,"Dec 13, 2019","Dec 14, 2019"
Little Women: LA,TVSeason,Amazon,New Prime,Recently_Added,"Dec 13, 2019","Dec 14, 2019"
LOL: Last One Laughing - Season 2,TVSeason,Amazon,New Prime,Recently_Added,"Dec 13, 2019","Dec 14, 2019"
Lynyrd Skynyrd - I'll Never Forget You: The Last 72 Hours Of Lynyrd Skynyrd,MO,Amazon,New Rental,Recently_Added,"Dec 13, 2019","Dec 14, 2019"
ManeCat Shoots with Matt Schmidt and Amelia Simone,MO,Amazon,Purchase,Recently_Added,"Dec 13, 2019","Dec 14, 2019"
Manson: Music from an Unsound Mind,MO,Amazon,New Prime,Recently_Added,"Dec 13, 2019","Dec 14, 2019"
Mario Kart DS Gameplay With Mega Mike,TVSeason,Amazon,New Prime,Recently_Added,"Dec 13, 2019","Dec 14, 2019"
Memory Leak,MO,Amazon,New Rental,Recently_Added,"Dec 13, 2019","Dec 14, 2019"
MG_Test_6,TVSeason,Amazon,Purchase,Recently_Added,"Dec 13, 2019","Dec 14, 2019"
Mid Bike Ride Fuel: Vegan Energy Balls & Rice Cakes Anyone Can Make,MO,Amazon,New Prime,Recently_Added,"Dec 13, 2019","Dec 14, 2019"
Mob Town,MO,Amazon,New Rental,Recently_Added,"Dec 13, 2019","Dec 14, 2019"
Monochrome: Black White & Blue,MO,Amazon,New Rental,Recently_Added,"Dec 13, 2019","Dec 14, 2019"
Monsoon Mangoes,MO,Amazon,New Rental,Recently_Added,"Dec 13, 2019","Dec 14, 2019"
Moonlight Serenade,MO,Amazon,New Rental,Recently_Added,"Dec 13, 2019","Dec 14, 2019"
Nastik,MO,Amazon,New Rental,Recently_Added,"Dec 13, 2019","Dec 14, 2019"
Out of Liberty,MO,Amazon,New Rental,Recently_Added,"Dec 13, 2019","Dec 14, 2019"
Plants Vs Zombies Battle For Neighborville Playthrough With Chummy Seal,TVSeason,Amazon,New Prime,Recently_Added,"Dec 13, 2019","Dec 14, 2019"
Post Ride Nutrition: How To Make Vegan Bolognese & Gelato,MO,Amazon,New Prime,Recently_Added,"Dec 13, 2019","Dec 14, 2019"
Rabid (2019),MO,Amazon,New Rental,Recently_Added,"Dec 13, 2019","Dec 14, 2019"
Remorseful Vows,MO,Amazon,New Prime,Recently_Added,"Dec 13, 2019","Dec 14, 2019"
Robowar,MO,Amazon,New Prime,Recently_Added,"Dec 13, 2019","Dec 14, 2019"
Rotary,MO,Amazon,New Rental,Recently_Added,"Dec 13, 2019","Dec 14, 2019"
Scholastic Storybook Treasures Volume 7: Bug Tales,TVSeason,Amazon,Purchase,Recently_Added,"Dec 13, 2019","Dec 14, 2019"
"Scholastic Storybook Treasures, Volume 2: Animal Tales Part 2",TVSeason,Amazon,Purchase,Recently_Added,"Dec 13, 2019","Dec 14, 2019"
"Scholastic Storybook Treasures, Volume 3: Classics Collection Part 1",TVSeason,Amazon,Purchase,Recently_Added,"Dec 13, 2019","Dec 14, 2019"
"Scholastic Storybook Treasures, Volume 4: Classics Collection Part 2",TVSeason,Amazon,Purchase,Recently_Added,"Dec 13, 2019","Dec 14, 2019"
"Scholastic Storybook Treasures, Volume 8: Schoolhouse Tales",TVSeason,Amazon,Purchase,Recently_Added,"Dec 13, 2019","Dec 14, 2019"
Silent and Forgotten,MO,Amazon,New Prime,Recently_Added,"Dec 13, 2019","Dec 14, 2019"
Slingshot Cops,MO,Amazon,New Rental,Recently_Added,"Dec 13, 2019","Dec 14, 2019"
So Undercover,MO,Amazon,New Rental,Recently_Added,"Dec 13, 2019","Dec 14, 2019"
Stacey David's Restoration Series,TVSeason,Amazon,New Prime,Recently_Added,"Dec 13, 2019","Dec 14, 2019"
Star Wars Jedi Fallen Order Exploration Walkthrough With Chummy Seal,TVSeason,Amazon,New Prime,Recently_Added,"Dec 13, 2019","Dec 14, 2019"
"Summer, 1986",MO,Amazon,New Rental,Recently_Added,"Dec 13, 2019","Dec 14, 2019"
Super Mario Maker 2 Ver. 2 Gameplay with Cottrello,TVSeason,Amazon,New Prime,Recently_Added,"Dec 13, 2019","Dec 14, 2019"
Ted Bundy: Falling for a Killer - Season 1,TVSeason,Amazon,New Prime,Recently_Added,"Dec 13, 2019","Dec 14, 2019"
The Another Character,MO,Amazon,New Rental,Recently_Added,"Dec 13, 2019","Dec 14, 2019"
"The Badge, The Bible, And Bigfoot",MO,Amazon,New Prime,Recently_Added,"Dec 13, 2019","Dec 14, 2019"
"The Bladesman, Gone With Hero",MO,Amazon,New Rental,Recently_Added,"Dec 13, 2019","Dec 14, 2019"
The Death & Life of John F. Donovan,MO,Amazon,Purchase,Recently_Added,"Dec 13, 2019","Dec 14, 2019"
The Expanse - Season 4 (4K UHD),TVSeason,Amazon,New Prime,Recently_Added,"Dec 13, 2019","Dec 14, 2019"
The Ghost Dance,MO,Amazon,New Rental,Recently_Added,"Dec 13, 2019","Dec 14, 2019"
The Grand Tour presents... (4K UHD),TVSeason,Amazon,New Prime,Recently_Added,"Dec 13, 2019","Dec 14, 2019"
The Great War,MO,Amazon,Purchase,Recently_Added,"Dec 13, 2019","Dec 14, 2019"
The Legend of Budai Monk,TVSeason,Amazon,New Prime,Recently_Added,"Dec 13, 2019","Dec 14, 2019"
The Sandglass (Le Temps D'Un Sablier),MO,Amazon,New Rental,Recently_Added,"Dec 13, 2019","Dec 14, 2019"
The Sound of Silence,MO,Amazon,Purchase,Recently_Added,"Dec 13, 2019","Dec 14, 2019"
Ultraman Geed,TVSeason,Amazon,Purchase,Recently_Added,"Dec 13, 2019","Dec 14, 2019"
Valentine: The Dark Avenger,MO,Amazon,New Prime,Recently_Added,"Dec 13, 2019","Dec 14, 2019"
Villains,MO,Amazon,New Rental,Recently_Added,"Dec 13, 2019","Dec 14, 2019"
War Journal: The Incredible WWII Escape of Major Damon 'Rocky' Gause,MO,Amazon,New Rental,Recently_Added,"Dec 13, 2019","Dec 14, 2019"
War Raiders,MO,Amazon,New Prime,Recently_Added,"Dec 13, 2019","Dec 14, 2019"
Wheels on the Jingle Bell Bus and More Christmas Songs - Go Buster,MO,Amazon,New Rental,Recently_Added,"Dec 13, 2019","Dec 14, 2019"
Work Sucks!,MO,Amazon,New Rental,Recently_Added,"Dec 13, 2019","Dec 14, 2019"
Yoga for Seniors and Women Over 50 with Nanci Haines,TVSeason,Amazon,New Prime,Recently_Added,"Dec 13, 2019","Dec 14, 2019"
Yoga With Adriene: Yoga For Self Care - 10 Minute Practice,MO,Amazon,New Prime,Recently_Added,"Dec 13, 2019","Dec 14, 2019"
Yoga With Adriene: Yoga To Heal Stress,MO,Amazon,New Prime,Recently_Added,"Dec 13, 2019","Dec 14, 2019"
